start_time,end_time,num_requests,req_sec_aiohttp,req_sec_httpx,req_sec_pycurl,req_sec_requests,req_sec_urllib3,total_aiohttp,total_httpx,total_pycurl,total_requests,total_urllib3,conn_avg_aiohttp,conn_avg_httpx,conn_avg_pycurl,conn_avg_requests,conn_avg_urllib3,tls_avg_aiohttp,tls_avg_httpx,tls_avg_pycurl,tls_avg_requests,tls_avg_urllib3
2026-06-09T03:19:08.212085,2026-06-09T03:19:08.598554,100,1801.31,952.30,2156.17,942.71,1672.77,0.06,0.11,0.05,0.11,0.06,0.0005,0.0010,0.0004,0.0011,0.0006,N/A,N/A,0.0000,0.0008,N/A
2026-06-09T03:19:08.598700,2026-06-09T03:19:08.986364,100,1757.19,944.44,2096.50,971.53,1675.82,0.06,0.11,0.05,0.10,0.06,0.0005,0.0011,0.0005,0.0010,0.0006,N/A,N/A,0.0000,0.0008,N/A
2026-06-09T03:19:08.986449,2026-06-09T03:19:09.375990,100,1788.06,957.42,2034.16,966.66,1602.32,0.06,0.10,0.05,0.10,0.06,0.0005,0.0010,0.0005,0.0010,0.0006,N/A,N/A,0.0000,0.0008,N/A
2026-06-09T03:19:09.376090,2026-06-09T03:19:09.767702,100,1806.92,944.05,1989.65,962.82,1609.62,0.06,0.11,0.05,0.10,0.06,0.0005,0.0011,0.0005,0.0010,0.0006,N/A,N/A,0.0000,0.0008,N/A
2026-07-05T15:32:28.475845,2026-07-05T15:32:29.192731,100,1021.07,435.44,1272.20,526.82,985.35,0.10,0.23,0.08,0.19,0.10,0.0009,0.0023,0.0008,0.0019,0.0010,N/A,N/A,0.0000,0.0014,N/A
2026-07-05T15:32:29.192793,2026-07-05T15:32:29.904661,100,1032.23,433.78,1268.71,532.95,1016.05,0.10,0.23,0.08,0.19,0.10,0.0009,0.0023,0.0008,0.0019,0.0010,N/A,N/A,0.0000,0.0014,N/A
2026-07-05T15:32:29.904718,2026-07-05T15:32:30.623913,100,1024.27,431.00,1234.14,527.49,1004.32,0.10,0.23,0.08,0.19,0.10,0.0009,0.0023,0.0008,0.0019,0.0010,N/A,N/A,0.0000,0.0014,N/A
2026-07-05T15:32:30.623972,2026-07-05T15:32:31.355023,100,1021.23,431.57,1237.37,501.53,984.42,0.10,0.23,0.08,0.20,0.10,0.0009,0.0023,0.0008,0.0020,0.0010,N/A,N/A,0.0000,0.0015,N/A
2026-07-05T15:32:31.355073,2026-07-05T15:32:32.069434,100,1078.93,430.35,1243.10,536.36,973.00,0.09,0.23,0.08,0.19,0.10,0.0009,0.0023,0.0008,0.0019,0.0010,N/A,N/A,0.0000,0.0014,N/A
2026-07-05T15:32:32.069485,2026-07-05T15:32:32.830863,100,1033.37,436.57,1185.07,469.87,843.64,0.10,0.23,0.08,0.21,0.12,0.0009,0.0023,0.0008,0.0021,0.0012,N/A,N/A,0.0000,0.0017,N/A
2026-07-05T15:32:32.830923,2026-07-05T15:32:33.560019,100,1045.92,427.26,1192.00,513.26,996.38,0.10,0.23,0.08,0.19,0.10,0.0009,0.0023,0.0008,0.0019,0.0010,N/A,N/A,0.0000,0.0015,N/A
2026-07-05T15:32:33.560071,2026-07-05T15:32:34.297678,100,1023.31,418.59,1162.01,519.49,973.43,0.10,0.24,0.09,0.19,0.10,0.0009,0.0024,0.0008,0.0019,0.0010,N/A,N/A,0.0000,0.0014,N/A
2026-07-05T15:32:34.297730,2026-07-05T15:32:35.025960,100,991.96,432.97,1186.29,527.91,969.68,0.10,0.23,0.08,0.19,0.10,0.0009,0.0023,0.0008,0.0019,0.0010,N/A,N/A,0.0000,0.0014,N/A
2026-07-05T15:32:35.026022,2026-07-05T15:32:35.764761,100,1045.28,417.93,1184.04,509.58,967.58,0.10,0.24,0.08,0.20,0.10,0.0009,0.0024,0.0008,0.0020,0.0010,N/A,N/A,0.0000,0.0015,N/A
2026-07-05T15:32:35.764823,2026-07-05T15:32:36.513906,100,1045.99,415.77,1173.92,493.70,946.70,0.10,0.24,0.09,0.20,0.11,0.0009,0.0024,0.0008,0.0020,0.0011,N/A,N/A,0.0000,0.0015,N/A
2026-07-05T15:32:36.513966,2026-07-05T15:32:37.276126,100,1063.12,384.13,1176.15,496.45,982.70,0.09,0.26,0.09,0.20,0.10,0.0009,0.0026,0.0008,0.0020,0.0010,N/A,N/A,0.0000,0.0015,N/A
2026-07-05T15:32:37.276179,2026-07-05T15:32:38.026017,100,1028.33,381.18,1233.99,532.24,989.61,0.10,0.26,0.08,0.19,0.10,0.0009,0.0026,0.0008,0.0019,0.0010,N/A,N/A,0.0000,0.0014,N/A
2026-07-05T15:32:38.026070,2026-07-05T15:32:38.746779,100,1047.49,451.47,1183.36,508.34,974.23,0.10,0.22,0.08,0.20,0.10,0.0009,0.0022,0.0008,0.0020,0.0010,N/A,N/A,0.0000,0.0014,N/A
2026-07-05T15:32:38.746887,2026-07-05T15:32:39.476090,100,1033.71,435.51,1185.36,512.76,966.10,0.10,0.23,0.08,0.20,0.10,0.0009,0.0023,0.0008,0.0019,0.0010,N/A,N/A,0.0000,0.0015,N/A
2026-07-05T15:32:39.476142,2026-07-05T15:32:40.208967,100,1053.67,421.23,1193.67,522.32,957.50,0.09,0.24,0.08,0.19,0.10,0.0009,0.0024,0.0008,0.0019,0.0010,N/A,N/A,0.0000,0.0014,N/A
2026-07-05T15:32:40.209022,2026-07-05T15:32:40.945522,100,1004.24,438.34,1144.66,501.50,978.14,0.10,0.23,0.09,0.20,0.10,0.0009,0.0023,0.0008,0.0020,0.0010,N/A,N/A,0.0000,0.0015,N/A
2026-07-05T15:32:40.945581,2026-07-05T15:32:41.714112,100,1026.18,369.92,1169.86,529.23,944.52,0.10,0.27,0.09,0.19,0.11,0.0009,0.0027,0.0008,0.0019,0.0011,N/A,N/A,0.0000,0.0014,N/A
2026-07-05T15:32:41.714164,2026-07-05T15:32:42.444431,100,1048.10,413.39,1157.02,536.81,999.78,0.10,0.24,0.09,0.19,0.10,0.0009,0.0024,0.0008,0.0019,0.0010,N/A,N/A,0.0000,0.0014,N/A
2026-07-05T15:32:42.444485,2026-07-05T15:32:43.180296,100,1011.46,412.37,1186.68,535.87,961.92,0.10,0.24,0.08,0.19,0.10,0.0009,0.0024,0.0008,0.0019,0.0010,N/A,N/A,0.0000,0.0014,N/A
2026-07-12T03:17:54.906917,2026-07-12T03:17:55.619792,100,1000.61,490.04,1211.61,496.97,941.99,0.10,0.20,0.08,0.20,0.11,0.0009,0.0020,0.0008,0.0020,0.0011,N/A,N/A,0.0000,0.0016,N/A
2026-07-12T03:17:55.619863,2026-07-12T03:17:56.308211,100,990.33,486.49,1173.89,569.53,974.03,0.10,0.21,0.09,0.18,0.10,0.0009,0.0020,0.0008,0.0018,0.0010,N/A,N/A,0.0000,0.0013,N/A
2026-07-12T03:17:56.308270,2026-07-12T03:17:57.020481,100,1013.41,468.67,1192.50,531.08,915.07,0.10,0.21,0.08,0.19,0.11,0.0009,0.0021,0.0008,0.0019,0.0011,N/A,N/A,0.0000,0.0014,N/A
2026-07-12T03:17:57.020535,2026-07-12T03:17:57.724239,100,1014.55,472.24,1186.03,536.70,959.30,0.10,0.21,0.08,0.19,0.10,0.0009,0.0021,0.0008,0.0019,0.0010,N/A,N/A,0.0000,0.0014,N/A
2026-07-12T03:17:57.724296,2026-07-12T03:17:58.432268,100,1033.40,460.41,1205.70,537.80,941.95,0.10,0.22,0.08,0.19,0.11,0.0009,0.0022,0.0008,0.0019,0.0011,N/A,N/A,0.0000,0.0014,N/A
2026-07-12T03:17:58.432322,2026-07-12T03:17:59.153175,100,1023.85,486.70,1116.15,503.48,902.59,0.10,0.21,0.09,0.20,0.11,0.0009,0.0020,0.0009,0.0020,0.0011,N/A,N/A,0.0000,0.0015,N/A
2026-07-12T03:17:59.153229,2026-07-12T03:17:59.867613,100,1024.26,460.03,1110.82,542.16,940.80,0.10,0.22,0.09,0.18,0.11,0.0009,0.0022,0.0008,0.0018,0.0011,N/A,N/A,0.0000,0.0014,N/A
2026-07-12T03:17:59.867676,2026-07-12T03:18:00.582888,100,952.68,466.02,1153.17,549.26,925.70,0.10,0.21,0.09,0.18,0.11,0.0010,0.0021,0.0008,0.0018,0.0011,N/A,N/A,0.0000,0.0014,N/A
2026-07-12T03:18:00.582951,2026-07-12T03:18:01.296326,100,983.33,449.64,1114.36,554.28,994.91,0.10,0.22,0.09,0.18,0.10,0.0009,0.0022,0.0009,0.0018,0.0010,N/A,N/A,0.0000,0.0014,N/A
2026-07-12T03:18:01.296383,2026-07-12T03:18:02.037098,100,926.89,422.45,1137.84,545.21,944.24,0.11,0.24,0.09,0.18,0.11,0.0010,0.0023,0.0008,0.0018,0.0011,N/A,N/A,0.0000,0.0014,N/A
2026-07-12T03:18:02.037162,2026-07-12T03:18:02.769609,100,1021.84,450.06,1037.66,541.36,888.43,0.10,0.22,0.10,0.18,0.11,0.0009,0.0022,0.0009,0.0018,0.0011,N/A,N/A,0.0000,0.0014,N/A
2026-07-12T03:18:02.769662,2026-07-12T03:18:03.501188,100,958.07,437.28,1176.94,529.21,945.91,0.10,0.23,0.08,0.19,0.11,0.0010,0.0023,0.0008,0.0019,0.0011,N/A,N/A,0.0000,0.0014,N/A
2026-07-12T03:18:03.501247,2026-07-12T03:18:04.222984,100,942.47,486.67,1007.64,540.24,939.26,0.11,0.21,0.10,0.19,0.11,0.0010,0.0020,0.0009,0.0018,0.0011,N/A,N/A,0.0000,0.0014,N/A
2026-07-12T03:18:04.223040,2026-07-12T03:18:04.942822,100,1023.70,458.59,1096.83,536.87,928.70,0.10,0.22,0.09,0.19,0.11,0.0009,0.0022,0.0009,0.0019,0.0011,N/A,N/A,0.0000,0.0014,N/A
2026-07-12T03:18:04.942924,2026-07-12T03:18:05.668041,100,1044.15,429.98,1164.64,541.06,931.30,0.10,0.23,0.09,0.18,0.11,0.0009,0.0023,0.0008,0.0018,0.0011,N/A,N/A,0.0000,0.0014,N/A
2026-07-12T03:18:05.668098,2026-07-12T03:18:06.387551,100,982.11,449.50,1138.75,545.98,952.58,0.10,0.22,0.09,0.18,0.10,0.0009,0.0022,0.0008,0.0018,0.0010,N/A,N/A,0.0000,0.0014,N/A
2026-07-12T03:18:06.387610,2026-07-12T03:18:07.121031,100,961.40,457.49,1121.47,514.79,919.78,0.10,0.22,0.09,0.19,0.11,0.0010,0.0022,0.0008,0.0019,0.0011,N/A,N/A,0.0000,0.0015,N/A
2026-07-12T03:18:07.121089,2026-07-12T03:18:07.853165,100,995.07,448.24,1120.14,503.17,982.49,0.10,0.22,0.09,0.20,0.10,0.0009,0.0022,0.0008,0.0020,0.0010,N/A,N/A,0.0000,0.0015,N/A
2026-07-12T03:18:07.853221,2026-07-12T03:18:08.560969,100,996.48,487.58,1052.61,541.94,962.01,0.10,0.21,0.10,0.18,0.10,0.0009,0.0020,0.0009,0.0018,0.0010,N/A,N/A,0.0000,0.0014,N/A
2026-07-12T03:18:08.561044,2026-07-12T03:18:09.266978,100,1023.76,452.79,1150.48,563.17,964.01,0.10,0.22,0.09,0.18,0.10,0.0009,0.0022,0.0008,0.0018,0.0010,N/A,N/A,0.0000,0.0013,N/A
2026-07-19T03:14:30.178935,2026-07-19T03:14:30.844757,100,1060.83,465.22,1295.29,616.31,1012.56,0.09,0.21,0.08,0.16,0.10,0.0009,0.0021,0.0007,0.0016,0.0010,N/A,N/A,0.0000,0.0012,N/A
2026-07-19T03:14:30.844817,2026-07-19T03:14:31.510726,100,1046.85,481.57,1275.28,599.35,1011.52,0.10,0.21,0.08,0.17,0.10,0.0009,0.0021,0.0007,0.0017,0.0010,N/A,N/A,0.0000,0.0012,N/A
2026-07-19T03:14:31.510794,2026-07-19T03:14:32.177129,100,1055.51,483.52,1266.76,593.66,1009.36,0.09,0.21,0.08,0.17,0.10,0.0009,0.0021,0.0008,0.0017,0.0010,N/A,N/A,0.0000,0.0013,N/A
2026-07-19T03:14:32.177186,2026-07-19T03:14:32.841487,100,1070.49,503.26,1245.43,575.40,1005.17,0.09,0.20,0.08,0.17,0.10,0.0009,0.0020,0.0008,0.0017,0.0010,N/A,N/A,0.0000,0.0013,N/A
2026-07-19T03:14:32.841542,2026-07-19T03:14:33.503136,100,1070.87,493.91,1221.24,602.40,1004.22,0.09,0.20,0.08,0.17,0.10,0.0009,0.0020,0.0008,0.0017,0.0010,N/A,N/A,0.0000,0.0012,N/A
2026-07-19T03:14:33.503191,2026-07-19T03:14:34.181108,100,1072.77,459.37,1201.78,610.67,985.09,0.09,0.22,0.08,0.16,0.10,0.0009,0.0022,0.0008,0.0016,0.0010,N/A,N/A,0.0000,0.0012,N/A
2026-07-19T03:14:34.181163,2026-07-19T03:14:34.869165,100,1082.88,482.29,1165.37,556.55,960.06,0.09,0.21,0.09,0.18,0.10,0.0008,0.0021,0.0008,0.0018,0.0010,N/A,N/A,0.0000,0.0013,N/A
2026-07-19T03:14:34.869221,2026-07-19T03:14:35.573317,100,1003.92,429.89,1199.83,589.48,997.30,0.10,0.23,0.08,0.17,0.10,0.0009,0.0023,0.0008,0.0017,0.0010,N/A,N/A,0.0000,0.0013,N/A
2026-07-19T03:14:35.573373,2026-07-19T03:14:36.267437,100,1052.08,499.08,1203.77,506.40,1005.04,0.10,0.20,0.08,0.20,0.10,0.0009,0.0020,0.0008,0.0020,0.0010,N/A,N/A,0.0000,0.0015,N/A
2026-07-19T03:14:36.267492,2026-07-19T03:14:36.922030,100,1064.34,502.01,1192.19,609.43,1054.13,0.09,0.20,0.08,0.16,0.09,0.0009,0.0020,0.0008,0.0016,0.0009,N/A,N/A,0.0000,0.0012,N/A
2026-07-19T03:14:36.922096,2026-07-19T03:14:37.596910,100,1083.39,499.56,1203.14,555.66,998.50,0.09,0.20,0.08,0.18,0.10,0.0009,0.0020,0.0008,0.0018,0.0010,N/A,N/A,0.0000,0.0013,N/A
2026-07-19T03:14:37.596965,2026-07-19T03:14:38.291212,100,1078.55,489.06,1193.71,515.51,994.91,0.09,0.20,0.08,0.19,0.10,0.0009,0.0020,0.0008,0.0019,0.0010,N/A,N/A,0.0000,0.0015,N/A
2026-07-19T03:14:38.291269,2026-07-19T03:14:38.966791,100,1079.98,501.56,1163.09,565.33,981.40,0.09,0.20,0.09,0.18,0.10,0.0009,0.0020,0.0008,0.0018,0.0010,N/A,N/A,0.0000,0.0013,N/A
2026-07-19T03:14:38.966847,2026-07-19T03:14:39.639067,100,1072.27,474.71,1173.27,599.01,1027.69,0.09,0.21,0.09,0.17,0.10,0.0009,0.0021,0.0008,0.0017,0.0010,N/A,N/A,0.0000,0.0012,N/A
2026-07-19T03:14:39.639170,2026-07-19T03:14:40.309470,100,1073.02,487.60,1228.77,573.07,1028.90,0.09,0.21,0.08,0.17,0.10,0.0009,0.0020,0.0008,0.0017,0.0010,N/A,N/A,0.0000,0.0013,N/A
2026-07-19T03:14:40.309525,2026-07-19T03:14:40.990553,100,1008.98,469.82,1203.03,601.90,999.32,0.10,0.21,0.08,0.17,0.10,0.0009,0.0021,0.0008,0.0017,0.0010,N/A,N/A,0.0000,0.0012,N/A
2026-07-19T03:14:40.990634,2026-07-19T03:14:41.669091,100,1059.55,472.33,1200.56,591.21,997.71,0.09,0.21,0.08,0.17,0.10,0.0009,0.0021,0.0008,0.0017,0.0010,N/A,N/A,0.0000,0.0013,N/A
2026-07-19T03:14:41.669148,2026-07-19T03:14:42.351112,100,1060.24,455.59,1167.54,608.85,1007.60,0.09,0.22,0.09,0.16,0.10,0.0009,0.0022,0.0008,0.0016,0.0010,N/A,N/A,0.0000,0.0012,N/A
2026-07-19T03:14:42.351177,2026-07-19T03:14:43.034491,100,1072.58,479.93,1214.97,557.01,994.21,0.09,0.21,0.08,0.18,0.10,0.0009,0.0021,0.0008,0.0018,0.0010,N/A,N/A,0.0000,0.0013,N/A
2026-07-19T03:14:43.034548,2026-07-19T03:14:43.692490,100,1084.90,498.33,1230.99,597.72,1020.85,0.09,0.20,0.08,0.17,0.10,0.0008,0.0020,0.0008,0.0017,0.0010,N/A,N/A,0.0000,0.0013,N/A
2026-07-26T03:18:53.260871,2026-07-26T03:18:53.964419,100,981.65,435.32,1257.28,584.03,988.40,0.10,0.23,0.08,0.17,0.10,0.0009,0.0023,0.0008,0.0017,0.0010,N/A,N/A,0.0000,0.0013,N/A
2026-07-26T03:18:53.964482,2026-07-26T03:18:54.678936,100,1018.08,458.06,1253.68,528.76,937.24,0.10,0.22,0.08,0.19,0.11,0.0009,0.0022,0.0008,0.0019,0.0011,N/A,N/A,0.0000,0.0014,N/A
2026-07-26T03:18:54.678992,2026-07-26T03:18:55.384546,100,1008.62,452.41,1233.14,549.76,974.95,0.10,0.22,0.08,0.18,0.10,0.0009,0.0022,0.0008,0.0018,0.0010,N/A,N/A,0.0000,0.0013,N/A
2026-07-26T03:18:55.384596,2026-07-26T03:18:56.094384,100,1029.68,444.69,1225.60,554.52,945.88,0.10,0.22,0.08,0.18,0.11,0.0009,0.0022,0.0008,0.0018,0.0011,N/A,N/A,0.0000,0.0013,N/A
2026-07-26T03:18:56.094439,2026-07-26T03:18:56.818919,100,991.81,433.15,1200.86,532.67,984.07,0.10,0.23,0.08,0.19,0.10,0.0009,0.0023,0.0008,0.0019,0.0010,N/A,N/A,0.0000,0.0014,N/A
2026-07-26T03:18:56.818971,2026-07-26T03:18:57.541484,100,996.00,418.43,1214.32,556.42,991.72,0.10,0.24,0.08,0.18,0.10,0.0009,0.0024,0.0008,0.0018,0.0010,N/A,N/A,0.0000,0.0013,N/A
2026-07-26T03:18:57.541534,2026-07-26T03:18:58.239745,100,1018.81,467.02,1191.41,563.82,953.83,0.10,0.21,0.08,0.18,0.10,0.0009,0.0021,0.0008,0.0018,0.0010,N/A,N/A,0.0000,0.0013,N/A
2026-07-26T03:18:58.239794,2026-07-26T03:18:58.962871,100,1008.82,467.94,1107.78,506.18,975.37,0.10,0.21,0.09,0.20,0.10,0.0009,0.0021,0.0009,0.0020,0.0010,N/A,N/A,0.0000,0.0015,N/A
2026-07-26T03:18:58.962925,2026-07-26T03:18:59.665594,100,987.80,465.17,1196.15,560.97,954.77,0.10,0.21,0.08,0.18,0.10,0.0009,0.0021,0.0008,0.0018,0.0010,N/A,N/A,0.0000,0.0013,N/A
2026-07-26T03:18:59.665644,2026-07-26T03:19:00.383435,100,1005.80,438.14,1187.73,550.24,959.83,0.10,0.23,0.08,0.18,0.10,0.0009,0.0023,0.0008,0.0018,0.0010,N/A,N/A,0.0000,0.0013,N/A
2026-07-26T03:19:00.383488,2026-07-26T03:19:01.097924,100,1004.22,436.53,1204.43,556.59,976.26,0.10,0.23,0.08,0.18,0.10,0.0009,0.0023,0.0008,0.0018,0.0010,N/A,N/A,0.0000,0.0013,N/A
2026-07-26T03:19:01.097974,2026-07-26T03:19:01.821752,100,1029.78,439.02,1185.84,513.58,995.85,0.10,0.23,0.08,0.19,0.10,0.0009,0.0023,0.0008,0.0019,0.0010,N/A,N/A,0.0000,0.0015,N/A
2026-07-26T03:19:01.821801,2026-07-26T03:19:02.522091,100,1004.18,461.00,1185.86,556.31,1001.94,0.10,0.22,0.08,0.18,0.10,0.0009,0.0022,0.0008,0.0018,0.0010,N/A,N/A,0.0000,0.0013,N/A
2026-07-26T03:19:02.522148,2026-07-26T03:19:03.232605,100,1008.05,449.39,1138.06,556.89,993.28,0.10,0.22,0.09,0.18,0.10,0.0009,0.0022,0.0008,0.0018,0.0010,N/A,N/A,0.0000,0.0013,N/A
2026-07-26T03:19:03.232720,2026-07-26T03:19:03.946252,100,980.83,453.22,1181.25,549.47,969.42,0.10,0.22,0.08,0.18,0.10,0.0009,0.0022,0.0008,0.0018,0.0010,N/A,N/A,0.0000,0.0013,N/A
2026-07-26T03:19:03.946328,2026-07-26T03:19:04.653758,100,1018.22,450.46,1174.06,562.25,961.88,0.10,0.22,0.09,0.18,0.10,0.0009,0.0022,0.0008,0.0018,0.0010,N/A,N/A,0.0000,0.0013,N/A
2026-07-26T03:19:04.653809,2026-07-26T03:19:05.349556,100,996.28,461.19,1203.60,583.02,965.79,0.10,0.22,0.08,0.17,0.10,0.0009,0.0022,0.0008,0.0017,0.0010,N/A,N/A,0.0000,0.0013,N/A
2026-07-26T03:19:05.349615,2026-07-26T03:19:06.074862,100,1021.80,452.08,1206.87,494.22,986.53,0.10,0.22,0.08,0.20,0.10,0.0009,0.0022,0.0008,0.0020,0.0010,N/A,N/A,0.0000,0.0015,N/A
2026-07-26T03:19:06.074911,2026-07-26T03:19:06.785050,100,1020.18,446.92,1197.09,544.97,988.80,0.10,0.22,0.08,0.18,0.10,0.0009,0.0022,0.0008,0.0018,0.0010,N/A,N/A,0.0000,0.0014,N/A
2026-07-26T03:19:06.785098,2026-07-26T03:19:07.482378,100,1023.67,464.85,1210.93,563.78,956.83,0.10,0.22,0.08,0.18,0.10,0.0009,0.0021,0.0008,0.0018,0.0010,N/A,N/A,0.0000,0.0013,N/A
2026-08-02T03:17:29.707125,2026-08-02T03:17:30.222267,100,1394.76,605.79,1700.74,785.10,1290.24,0.07,0.17,0.06,0.13,0.08,0.0007,0.0016,0.0006,0.0013,0.0008,N/A,N/A,0.0000,0.0010,N/A
2026-08-02T03:17:30.222319,2026-08-02T03:17:30.729917,100,1380.88,665.29,1636.29,754.04,1309.86,0.07,0.15,0.06,0.13,0.08,0.0007,0.0015,0.0006,0.0013,0.0008,N/A,N/A,0.0000,0.0010,N/A
2026-08-02T03:17:30.729979,2026-08-02T03:17:31.246049,100,1381.09,645.96,1564.20,750.97,1302.85,0.07,0.15,0.06,0.13,0.08,0.0007,0.0015,0.0006,0.0013,0.0008,N/A,N/A,0.0000,0.0010,N/A
2026-08-02T03:17:31.246094,2026-08-02T03:17:31.759630,100,1389.86,646.14,1619.70,746.69,1310.11,0.07,0.15,0.06,0.13,0.08,0.0007,0.0015,0.0006,0.0013,0.0008,N/A,N/A,0.0000,0.0010,N/A
2026-08-02T03:17:31.759676,2026-08-02T03:17:32.286046,100,1370.76,617.18,1583.35,740.24,1274.43,0.07,0.16,0.06,0.14,0.08,0.0007,0.0016,0.0006,0.0013,0.0008,N/A,N/A,0.0000,0.0010,N/A
2026-08-02T03:17:32.286091,2026-08-02T03:17:32.829657,100,1368.26,562.60,1520.58,742.87,1290.25,0.07,0.18,0.07,0.13,0.08,0.0007,0.0018,0.0006,0.0013,0.0008,N/A,N/A,0.0000,0.0010,N/A
2026-08-02T03:17:32.829705,2026-08-02T03:17:33.346748,100,1388.75,642.85,1581.26,760.20,1250.19,0.07,0.16,0.06,0.13,0.08,0.0007,0.0015,0.0006,0.0013,0.0008,N/A,N/A,0.0000,0.0010,N/A
2026-08-02T03:17:33.346794,2026-08-02T03:17:33.864698,100,1372.63,634.91,1550.25,768.60,1280.81,0.07,0.16,0.06,0.13,0.08,0.0007,0.0016,0.0006,0.0013,0.0008,N/A,N/A,0.0000,0.0010,N/A
2026-08-02T03:17:33.864743,2026-08-02T03:17:34.390437,100,1386.58,631.49,1470.47,752.00,1262.37,0.07,0.16,0.07,0.13,0.08,0.0007,0.0016,0.0006,0.0013,0.0008,N/A,N/A,0.0000,0.0010,N/A
2026-08-02T03:17:34.390494,2026-08-02T03:17:34.917122,100,1362.91,630.84,1441.18,750.85,1291.53,0.07,0.16,0.07,0.13,0.08,0.0007,0.0016,0.0006,0.0013,0.0008,N/A,N/A,0.0000,0.0010,N/A
2026-08-02T03:17:34.917173,2026-08-02T03:17:35.469230,100,1358.28,568.73,1415.67,716.42,1292.24,0.07,0.18,0.07,0.14,0.08,0.0007,0.0017,0.0006,0.0014,0.0008,N/A,N/A,0.0000,0.0010,N/A
2026-08-02T03:17:35.469274,2026-08-02T03:17:36.001865,100,1366.37,611.85,1448.80,754.64,1260.52,0.07,0.16,0.07,0.13,0.08,0.0007,0.0016,0.0006,0.0013,0.0008,N/A,N/A,0.0000,0.0010,N/A
2026-08-02T03:17:36.001914,2026-08-02T03:17:36.523549,100,1395.54,642.02,1495.38,746.51,1277.15,0.07,0.16,0.07,0.13,0.08,0.0007,0.0015,0.0006,0.0013,0.0008,N/A,N/A,0.0000,0.0010,N/A
2026-08-02T03:17:36.523595,2026-08-02T03:17:37.053500,100,1395.78,636.73,1381.34,726.38,1310.96,0.07,0.16,0.07,0.14,0.08,0.0007,0.0016,0.0007,0.0014,0.0008,N/A,N/A,0.0000,0.0010,N/A
2026-08-02T03:17:37.053584,2026-08-02T03:17:37.577697,100,1349.84,643.04,1474.19,748.62,1283.03,0.07,0.16,0.07,0.13,0.08,0.0007,0.0015,0.0006,0.0013,0.0008,N/A,N/A,0.0000,0.0010,N/A
2026-08-02T03:17:37.577745,2026-08-02T03:17:38.103471,100,1374.47,638.34,1436.89,737.02,1323.37,0.07,0.16,0.07,0.14,0.08,0.0007,0.0016,0.0006,0.0014,0.0008,N/A,N/A,0.0000,0.0010,N/A
2026-08-02T03:17:38.103518,2026-08-02T03:17:38.652145,100,1328.50,591.48,1504.73,683.90,1305.61,0.08,0.17,0.07,0.15,0.08,0.0007,0.0017,0.0006,0.0015,0.0008,N/A,N/A,0.0000,0.0011,N/A
2026-08-02T03:17:38.652187,2026-08-02T03:17:39.178840,100,1364.80,636.98,1470.04,740.10,1272.86,0.07,0.16,0.07,0.14,0.08,0.0007,0.0016,0.0006,0.0014,0.0008,N/A,N/A,0.0000,0.0010,N/A
2026-08-02T03:17:39.178893,2026-08-02T03:17:39.708825,100,1373.67,634.66,1486.24,724.29,1260.30,0.07,0.16,0.07,0.14,0.08,0.0007,0.0016,0.0006,0.0014,0.0008,N/A,N/A,0.0000,0.0010,N/A
2026-08-02T03:17:39.708876,2026-08-02T03:17:40.233460,100,1339.26,644.10,1496.39,742.53,1278.26,0.07,0.16,0.07,0.13,0.08,0.0007,0.0015,0.0006,0.0013,0.0008,N/A,N/A,0.0000,0.0010,N/A
2026-08-09T01:57:13.758034,2026-08-09T01:57:14.465766,100,1006.00,431.10,1284.30,562.43,989.63,0.10,0.23,0.08,0.18,0.10,0.0009,0.0023,0.0007,0.0018,0.0010,N/A,N/A,0.0000,0.0013,N/A
2026-08-09T01:57:14.465835,2026-08-09T01:57:15.158451,100,1026.10,457.02,1251.86,568.28,994.38,0.10,0.22,0.08,0.18,0.10,0.0009,0.0022,0.0008,0.0018,0.0010,N/A,N/A,0.0000,0.0013,N/A
2026-08-09T01:57:15.158506,2026-08-09T01:57:15.849906,100,1011.09,467.95,1218.74,569.34,985.87,0.10,0.21,0.08,0.18,0.10,0.0009,0.0021,0.0008,0.0018,0.0010,N/A,N/A,0.0000,0.0013,N/A
2026-08-09T01:57:15.849965,2026-08-09T01:57:16.533712,100,1014.76,472.93,1242.82,571.87,1015.10,0.10,0.21,0.08,0.17,0.10,0.0009,0.0021,0.0008,0.0017,0.0010,N/A,N/A,0.0000,0.0013,N/A
2026-08-09T01:57:16.533762,2026-08-09T01:57:17.214315,100,1043.90,469.76,1235.53,580.98,1007.40,0.10,0.21,0.08,0.17,0.10,0.0009,0.0021,0.0008,0.0017,0.0010,N/A,N/A,0.0000,0.0013,N/A
2026-08-09T01:57:17.214371,2026-08-09T01:57:17.921075,100,1026.50,464.32,1194.73,532.61,976.04,0.10,0.22,0.08,0.19,0.10,0.0009,0.0021,0.0008,0.0019,0.0010,N/A,N/A,0.0000,0.0014,N/A
2026-08-09T01:57:17.921125,2026-08-09T01:57:18.623376,100,1034.76,460.10,1206.60,550.47,958.45,0.10,0.22,0.08,0.18,0.10,0.0009,0.0022,0.0008,0.0018,0.0010,N/A,N/A,0.0000,0.0013,N/A
2026-08-09T01:57:18.623426,2026-08-09T01:57:19.330858,100,1033.18,440.92,1155.02,575.13,965.64,0.10,0.23,0.09,0.17,0.10,0.0009,0.0022,0.0008,0.0017,0.0010,N/A,N/A,0.0000,0.0013,N/A
2026-08-09T01:57:19.330906,2026-08-09T01:57:20.045996,100,1019.39,444.48,1158.63,544.89,988.12,0.10,0.22,0.09,0.18,0.10,0.0009,0.0022,0.0008,0.0018,0.0010,N/A,N/A,0.0000,0.0014,N/A
2026-08-09T01:57:20.046044,2026-08-09T01:57:20.743522,100,1020.95,454.56,1198.04,580.44,961.67,0.10,0.22,0.08,0.17,0.10,0.0009,0.0022,0.0008,0.0017,0.0010,N/A,N/A,0.0000,0.0013,N/A
2026-08-09T01:57:20.743569,2026-08-09T01:57:21.442361,100,1029.48,454.13,1181.81,571.93,979.47,0.10,0.22,0.08,0.17,0.10,0.0009,0.0022,0.0008,0.0017,0.0010,N/A,N/A,0.0000,0.0013,N/A
2026-08-09T01:57:21.442408,2026-08-09T01:57:22.155545,100,1053.98,450.05,1175.17,539.52,953.05,0.09,0.22,0.09,0.19,0.10,0.0009,0.0022,0.0008,0.0019,0.0010,N/A,N/A,0.0000,0.0014,N/A
2026-08-09T01:57:22.155596,2026-08-09T01:57:22.852305,100,1039.78,458.84,1193.06,564.04,981.24,0.10,0.22,0.08,0.18,0.10,0.0009,0.0022,0.0008,0.0018,0.0010,N/A,N/A,0.0000,0.0013,N/A
2026-08-09T01:57:22.852354,2026-08-09T01:57:23.554849,100,1055.41,434.10,1197.04,579.42,986.83,0.09,0.23,0.08,0.17,0.10,0.0009,0.0023,0.0008,0.0017,0.0010,N/A,N/A,0.0000,0.0013,N/A
2026-08-09T01:57:23.554945,2026-08-09T01:57:24.257957,100,1019.30,456.64,1148.90,577.25,947.37,0.10,0.22,0.09,0.17,0.11,0.0009,0.0022,0.0008,0.0017,0.0011,N/A,N/A,0.0000,0.0013,N/A
2026-08-09T01:57:24.258008,2026-08-09T01:57:24.970095,100,1010.12,460.94,1195.36,539.05,934.82,0.10,0.22,0.08,0.19,0.11,0.0009,0.0022,0.0008,0.0019,0.0011,N/A,N/A,0.0000,0.0014,N/A
2026-08-09T01:57:24.970147,2026-08-09T01:57:25.662378,100,1038.93,455.91,1170.53,584.35,1005.03,0.10,0.22,0.09,0.17,0.10,0.0009,0.0022,0.0008,0.0017,0.0010,N/A,N/A,0.0000,0.0013,N/A
2026-08-09T01:57:25.662433,2026-08-09T01:57:26.374522,100,1018.01,463.14,1181.57,533.30,953.81,0.10,0.22,0.08,0.19,0.10,0.0009,0.0021,0.0008,0.0019,0.0010,N/A,N/A,0.0000,0.0014,N/A
2026-08-09T01:57:26.374574,2026-08-09T01:57:27.076292,100,1022.37,445.08,1148.51,592.69,972.70,0.10,0.22,0.09,0.17,0.10,0.0009,0.0022,0.0008,0.0017,0.0010,N/A,N/A,0.0000,0.0013,N/A
2026-08-09T01:57:27.076345,2026-08-09T01:57:27.780227,100,1000.88,459.47,1185.02,552.71,991.67,0.10,0.22,0.08,0.18,0.10,0.0009,0.0022,0.0008,0.0018,0.0010,N/A,N/A,0.0000,0.0013,N/A
2026-08-16T01:29:26.839766,2026-08-16T01:29:27.407402,100,1173.01,615.79,1530.40,643.30,1216.75,0.09,0.16,0.07,0.16,0.08,0.0008,0.0016,0.0006,0.0016,0.0008,N/A,N/A,0.0000,0.0012,N/A
2026-08-16T01:29:27.407451,2026-08-16T01:29:27.959196,100,1170.65,634.01,1553.61,709.46,1147.81,0.09,0.16,0.06,0.14,0.09,0.0008,0.0016,0.0006,0.0014,0.0009,N/A,N/A,0.0000,0.0011,N/A
2026-08-16T01:29:27.959244,2026-08-16T01:29:28.515303,100,1147.00,655.27,1418.99,678.71,1213.16,0.09,0.15,0.07,0.15,0.08,0.0008,0.0015,0.0007,0.0015,0.0008,N/A,N/A,0.0000,0.0011,N/A
2026-08-16T01:29:28.515347,2026-08-16T01:29:29.085701,100,1208.46,617.23,1300.77,701.07,1112.72,0.08,0.16,0.08,0.14,0.09,0.0008,0.0016,0.0007,0.0014,0.0009,N/A,N/A,0.0000,0.0011,N/A
2026-08-16T01:29:29.085747,2026-08-16T01:29:29.645653,100,1171.48,657.75,1419.52,688.10,1126.41,0.09,0.15,0.07,0.15,0.09,0.0008,0.0015,0.0006,0.0015,0.0009,N/A,N/A,0.0000,0.0011,N/A
2026-08-16T01:29:29.645697,2026-08-16T01:29:30.222601,100,1206.94,598.45,1300.60,679.72,1152.95,0.08,0.17,0.08,0.15,0.09,0.0008,0.0017,0.0007,0.0015,0.0009,N/A,N/A,0.0000,0.0011,N/A
2026-08-16T01:29:30.222644,2026-08-16T01:29:30.801175,100,1195.50,637.44,1253.75,665.60,1087.35,0.08,0.16,0.08,0.15,0.09,0.0008,0.0016,0.0007,0.0015,0.0009,N/A,N/A,0.0000,0.0011,N/A
2026-08-16T01:29:30.801218,2026-08-16T01:29:31.377146,100,1182.55,623.56,1259.73,691.82,1099.69,0.08,0.16,0.08,0.14,0.09,0.0008,0.0016,0.0007,0.0014,0.0009,N/A,N/A,0.0000,0.0011,N/A
2026-08-16T01:29:31.377192,2026-08-16T01:29:31.954791,100,1158.70,636.99,1250.77,674.12,1118.93,0.09,0.16,0.08,0.15,0.09,0.0008,0.0016,0.0007,0.0015,0.0009,N/A,N/A,0.0000,0.0011,N/A
2026-08-16T01:29:31.954834,2026-08-16T01:29:32.547419,100,1222.94,552.37,1319.78,687.81,1083.56,0.08,0.18,0.08,0.15,0.09,0.0008,0.0018,0.0007,0.0015,0.0009,N/A,N/A,0.0000,0.0011,N/A
2026-08-16T01:29:32.547463,2026-08-16T01:29:33.140831,100,1137.91,639.20,1232.54,624.74,1090.13,0.09,0.16,0.08,0.16,0.09,0.0008,0.0016,0.0007,0.0016,0.0009,N/A,N/A,0.0000,0.0012,N/A
2026-08-16T01:29:33.140868,2026-08-16T01:29:33.717052,100,1227.24,590.42,1292.77,698.30,1128.16,0.08,0.17,0.08,0.14,0.09,0.0008,0.0017,0.0007,0.0014,0.0009,N/A,N/A,0.0000,0.0011,N/A
2026-08-16T01:29:33.717096,2026-08-16T01:29:34.290090,100,1225.95,596.37,1187.45,719.45,1186.13,0.08,0.17,0.08,0.14,0.08,0.0008,0.0017,0.0008,0.0014,0.0008,N/A,N/A,0.0000,0.0010,N/A
2026-08-16T01:29:34.290133,2026-08-16T01:29:34.867930,100,1131.62,645.39,1172.49,686.68,1149.22,0.09,0.15,0.09,0.15,0.09,0.0008,0.0015,0.0008,0.0015,0.0009,N/A,N/A,0.0000,0.0011,N/A
2026-08-16T01:29:34.868007,2026-08-16T01:29:35.419397,100,1244.86,653.57,1338.81,703.36,1175.31,0.08,0.15,0.07,0.14,0.09,0.0007,0.0015,0.0007,0.0014,0.0009,N/A,N/A,0.0000,0.0011,N/A
2026-08-16T01:29:35.419443,2026-08-16T01:29:36.005507,100,1170.09,621.83,1214.61,669.46,1087.58,0.09,0.16,0.08,0.15,0.09,0.0008,0.0016,0.0007,0.0015,0.0009,N/A,N/A,0.0000,0.0011,N/A
2026-08-16T01:29:36.005563,2026-08-16T01:29:36.593207,100,1249.33,586.40,1209.50,667.79,1130.76,0.08,0.17,0.08,0.15,0.09,0.0007,0.0017,0.0007,0.0015,0.0009,N/A,N/A,0.0000,0.0011,N/A
2026-08-16T01:29:36.593250,2026-08-16T01:29:37.182809,100,1156.53,591.82,1295.11,683.58,1059.19,0.09,0.17,0.08,0.15,0.09,0.0008,0.0017,0.0007,0.0015,0.0009,N/A,N/A,0.0000,0.0011,N/A
2026-08-16T01:29:37.182852,2026-08-16T01:29:37.760142,100,1179.71,609.73,1253.15,681.61,1169.23,0.08,0.16,0.08,0.15,0.09,0.0008,0.0016,0.0007,0.0015,0.0009,N/A,N/A,0.0000,0.0011,N/A
2026-08-16T01:29:37.760188,2026-08-16T01:29:38.332308,100,1336.57,627.69,1250.93,673.11,1074.15,0.07,0.16,0.08,0.15,0.09,0.0007,0.0016,0.0007,0.0015,0.0009,N/A,N/A,0.0000,0.0011,N/A
2026-08-23T01:36:11.872066,2026-08-23T01:36:12.546596,100,1070.70,457.07,1283.75,600.01,1017.52,0.09,0.22,0.08,0.17,0.10,0.0009,0.0022,0.0007,0.0017,0.0010,N/A,N/A,0.0000,0.0012,N/A
2026-08-23T01:36:12.546650,2026-08-23T01:36:13.205048,100,1071.86,495.93,1251.55,598.57,1034.62,0.09,0.20,0.08,0.17,0.10,0.0009,0.0020,0.0008,0.0017,0.0010,N/A,N/A,0.0000,0.0012,N/A
2026-08-23T01:36:13.205109,2026-08-23T01:36:13.883506,100,1081.59,472.03,1240.51,568.76,1022.27,0.09,0.21,0.08,0.18,0.10,0.0008,0.0021,0.0008,0.0018,0.0010,N/A,N/A,0.0000,0.0013,N/A
2026-08-23T01:36:13.883564,2026-08-23T01:36:14.552203,100,1071.21,469.57,1263.22,600.48,1029.74,0.09,0.21,0.08,0.17,0.10,0.0009,0.0021,0.0008,0.0017,0.0010,N/A,N/A,0.0000,0.0012,N/A
2026-08-23T01:36:14.552282,2026-08-23T01:36:15.220000,100,1091.93,479.92,1209.51,600.30,1013.81,0.09,0.21,0.08,0.17,0.10,0.0008,0.0021,0.0008,0.0017,0.0010,N/A,N/A,0.0000,0.0012,N/A
2026-08-23T01:36:15.220051,2026-08-23T01:36:15.902380,100,1084.01,481.87,1238.57,533.50,1057.63,0.09,0.21,0.08,0.19,0.09,0.0008,0.0021,0.0008,0.0019,0.0009,N/A,N/A,0.0000,0.0014,N/A
2026-08-23T01:36:15.902431,2026-08-23T01:36:16.577324,100,1046.53,468.06,1250.52,588.25,1044.72,0.10,0.21,0.08,0.17,0.10,0.0009,0.0021,0.0008,0.0017,0.0010,N/A,N/A,0.0000,0.0013,N/A
2026-08-23T01:36:16.577374,2026-08-23T01:36:17.243046,100,1089.98,480.69,1223.72,595.85,1033.28,0.09,0.21,0.08,0.17,0.10,0.0008,0.0021,0.0008,0.0017,0.0010,N/A,N/A,0.0000,0.0013,N/A
2026-08-23T01:36:17.243096,2026-08-23T01:36:17.925827,100,1067.19,477.11,1223.61,561.44,1000.08,0.09,0.21,0.08,0.18,0.10,0.0009,0.0021,0.0008,0.0018,0.0010,N/A,N/A,0.0000,0.0013,N/A
2026-08-23T01:36:17.925877,2026-08-23T01:36:18.605319,100,1055.81,465.47,1198.44,585.97,1048.94,0.09,0.21,0.08,0.17,0.10,0.0009,0.0021,0.0008,0.0017,0.0010,N/A,N/A,0.0000,0.0013,N/A
2026-08-23T01:36:18.605375,2026-08-23T01:36:19.284195,100,1051.64,473.61,1218.07,577.63,1025.18,0.10,0.21,0.08,0.17,0.10,0.0009,0.0021,0.0008,0.0017,0.0010,N/A,N/A,0.0000,0.0013,N/A
2026-08-23T01:36:19.284280,2026-08-23T01:36:19.989168,100,1109.25,418.69,1180.50,573.11,1037.78,0.09,0.24,0.08,0.17,0.10,0.0008,0.0024,0.0008,0.0017,0.0010,N/A,N/A,0.0000,0.0013,N/A
2026-08-23T01:36:19.989222,2026-08-23T01:36:20.673534,100,1059.95,454.30,1240.27,578.51,1033.43,0.09,0.22,0.08,0.17,0.10,0.0009,0.0022,0.0008,0.0017,0.0010,N/A,N/A,0.0000,0.0013,N/A
2026-08-23T01:36:20.673583,2026-08-23T01:36:21.350640,100,1093.52,476.45,1235.97,557.34,1045.28,0.09,0.21,0.08,0.18,0.10,0.0008,0.0021,0.0008,0.0018,0.0010,N/A,N/A,0.0000,0.0013,N/A
2026-08-23T01:36:21.350737,2026-08-23T01:36:22.036470,100,1038.85,473.74,1196.92,563.68,1025.87,0.10,0.21,0.08,0.18,0.10,0.0009,0.0021,0.0008,0.0018,0.0010,N/A,N/A,0.0000,0.0013,N/A
2026-08-23T01:36:22.036519,2026-08-23T01:36:22.716799,100,1042.05,467.15,1223.10,576.41,1048.92,0.10,0.21,0.08,0.17,0.10,0.0009,0.0021,0.0008,0.0017,0.0010,N/A,N/A,0.0000,0.0013,N/A
2026-08-23T01:36:22.716850,2026-08-23T01:36:23.396391,100,1077.42,476.61,1247.20,569.53,987.40,0.09,0.21,0.08,0.18,0.10,0.0009,0.0021,0.0008,0.0018,0.0010,N/A,N/A,0.0000,0.0013,N/A
2026-08-23T01:36:23.396440,2026-08-23T01:36:24.103995,100,1070.95,418.67,1202.14,569.81,1041.77,0.09,0.24,0.08,0.18,0.10,0.0009,0.0024,0.0008,0.0018,0.0010,N/A,N/A,0.0000,0.0013,N/A
2026-08-23T01:36:24.104043,2026-08-23T01:36:24.780902,100,1081.87,456.67,1245.82,595.69,1022.48,0.09,0.22,0.08,0.17,0.10,0.0008,0.0022,0.0008,0.0017,0.0010,N/A,N/A,0.0000,0.0012,N/A
2026-08-23T01:36:24.780952,2026-08-23T01:36:25.462653,100,1041.59,482.40,1243.97,556.50,1014.42,0.10,0.21,0.08,0.18,0.10,0.0009,0.0021,0.0008,0.0018,0.0010,N/A,N/A,0.0000,0.0013,N/A
2026-08-30T04:28:20.074674,2026-08-30T04:28:20.744313,100,1071.21,488.73,1324.76,599.22,909.01,0.09,0.20,0.08,0.17,0.11,0.0009,0.0020,0.0007,0.0017,0.0011,N/A,N/A,0.0000,0.0012,N/A
2026-08-30T04:28:20.744368,2026-08-30T04:28:21.400639,100,1075.70,493.96,1320.94,594.03,1025.53,0.09,0.20,0.08,0.17,0.10,0.0009,0.0020,0.0007,0.0017,0.0010,N/A,N/A,0.0000,0.0012,N/A
2026-08-30T04:28:21.400698,2026-08-30T04:28:22.069489,100,1062.32,479.40,1286.89,584.35,1022.91,0.09,0.21,0.08,0.17,0.10,0.0009,0.0021,0.0007,0.0017,0.0010,N/A,N/A,0.0000,0.0013,N/A
2026-08-30T04:28:22.069540,2026-08-30T04:28:22.729903,100,1055.36,491.08,1289.48,596.44,1027.11,0.09,0.20,0.08,0.17,0.10,0.0009,0.0020,0.0007,0.0017,0.0010,N/A,N/A,0.0000,0.0012,N/A
2026-08-30T04:28:22.729949,2026-08-30T04:28:23.397605,100,1074.95,486.62,1266.21,582.65,1008.37,0.09,0.21,0.08,0.17,0.10,0.0009,0.0020,0.0007,0.0017,0.0010,N/A,N/A,0.0000,0.0012,N/A
2026-08-30T04:28:23.397656,2026-08-30T04:28:24.076774,100,1055.91,451.81,1251.72,606.24,1013.95,0.09,0.22,0.08,0.16,0.10,0.0009,0.0022,0.0008,0.0016,0.0010,N/A,N/A,0.0000,0.0012,N/A
2026-08-30T04:28:24.076821,2026-08-30T04:28:24.755586,100,1094.06,476.47,1225.27,565.06,1003.60,0.09,0.21,0.08,0.18,0.10,0.0008,0.0021,0.0008,0.0018,0.0010,N/A,N/A,0.0000,0.0013,N/A
2026-08-30T04:28:24.755633,2026-08-30T04:28:25.426173,100,1055.12,476.10,1229.98,607.78,995.13,0.09,0.21,0.08,0.16,0.10,0.0009,0.0021,0.0008,0.0016,0.0010,N/A,N/A,0.0000,0.0012,N/A
2026-08-30T04:28:25.426251,2026-08-30T04:28:26.098907,100,1084.97,479.12,1209.94,585.45,1010.11,0.09,0.21,0.08,0.17,0.10,0.0008,0.0021,0.0008,0.0017,0.0010,N/A,N/A,0.0000,0.0013,N/A
2026-08-30T04:28:26.098954,2026-08-30T04:28:26.778540,100,1026.75,471.22,1219.92,586.19,1020.50,0.10,0.21,0.08,0.17,0.10,0.0009,0.0021,0.0008,0.0017,0.0010,N/A,N/A,0.0000,0.0013,N/A
2026-08-30T04:28:26.778585,2026-08-30T04:28:27.457649,100,1069.15,472.91,1180.02,579.40,1027.91,0.09,0.21,0.08,0.17,0.10,0.0009,0.0021,0.0008,0.0017,0.0010,N/A,N/A,0.0000,0.0013,N/A
2026-08-30T04:28:27.457697,2026-08-30T04:28:28.144192,100,1101.18,443.90,1221.71,589.09,1008.28,0.09,0.23,0.08,0.17,0.10,0.0008,0.0022,0.0008,0.0017,0.0010,N/A,N/A,0.0000,0.0013,N/A
2026-08-30T04:28:28.144273,2026-08-30T04:28:28.815092,100,1055.09,485.67,1240.40,583.81,1010.48,0.09,0.21,0.08,0.17,0.10,0.0009,0.0020,0.0008,0.0017,0.0010,N/A,N/A,0.0000,0.0013,N/A
2026-08-30T04:28:28.815138,2026-08-30T04:28:29.483055,100,1064.10,482.71,1215.58,594.47,1032.76,0.09,0.21,0.08,0.17,0.10,0.0009,0.0021,0.0008,0.0017,0.0010,N/A,N/A,0.0000,0.0012,N/A
2026-08-30T04:28:29.483143,2026-08-30T04:28:30.160033,100,1078.11,464.78,1255.09,602.58,1031.97,0.09,0.22,0.08,0.17,0.10,0.0008,0.0021,0.0007,0.0017,0.0010,N/A,N/A,0.0000,0.0012,N/A
2026-08-30T04:28:30.160079,2026-08-30T04:28:30.844786,100,1048.00,455.11,1231.87,581.71,1028.07,0.10,0.22,0.08,0.17,0.10,0.0009,0.0022,0.0008,0.0017,0.0010,N/A,N/A,0.0000,0.0012,N/A
2026-08-30T04:28:30.844834,2026-08-30T04:28:31.518808,100,1091.68,457.46,1225.44,607.47,1018.65,0.09,0.22,0.08,0.16,0.10,0.0008,0.0022,0.0008,0.0016,0.0010,N/A,N/A,0.0000,0.0012,N/A
2026-08-30T04:28:31.518855,2026-08-30T04:28:32.207183,100,1092.81,445.07,1226.96,582.01,1008.36,0.09,0.22,0.08,0.17,0.10,0.0008,0.0022,0.0008,0.0017,0.0010,N/A,N/A,0.0000,0.0013,N/A
2026-08-30T04:28:32.207260,2026-08-30T04:28:32.872535,100,1106.70,483.56,1218.14,594.07,1017.08,0.09,0.21,0.08,0.17,0.10,0.0008,0.0021,0.0008,0.0017,0.0010,N/A,N/A,0.0000,0.0012,N/A
2026-08-30T04:28:32.872583,2026-08-30T04:28:33.549425,100,1044.93,476.97,1220.18,577.79,1032.14,0.10,0.21,0.08,0.17,0.10,0.0009,0.0021,0.0008,0.0017,0.0010,N/A,N/A,0.0000,0.0013,N/A
2026-09-06T03:39:35.904951,2026-09-06T03:39:36.385914,100,1443.08,751.59,1649.29,739.78,1436.86,0.07,0.13,0.06,0.14,0.07,0.0006,0.0013,0.0006,0.0014,0.0007,N/A,N/A,0.0000,0.0011,N/A
2026-09-06T03:39:36.385962,2026-09-06T03:39:36.852023,100,1595.34,775.02,1614.01,807.49,1328.94,0.06,0.13,0.06,0.12,0.08,0.0006,0.0013,0.0006,0.0012,0.0008,N/A,N/A,0.0000,0.0009,N/A
2026-09-06T03:39:36.852070,2026-09-06T03:39:37.315434,100,1581.31,773.61,1671.48,794.15,1398.40,0.06,0.13,0.06,0.13,0.07,0.0006,0.0013,0.0006,0.0013,0.0007,N/A,N/A,0.0000,0.0010,N/A
2026-09-06T03:39:37.315479,2026-09-06T03:39:37.773141,100,1749.34,795.36,1447.73,825.04,1409.77,0.06,0.13,0.07,0.12,0.07,0.0005,0.0012,0.0006,0.0012,0.0007,N/A,N/A,0.0000,0.0009,N/A
2026-09-06T03:39:37.773182,2026-09-06T03:39:38.245048,100,1775.86,746.90,1456.55,816.64,1303.84,0.06,0.13,0.07,0.12,0.08,0.0005,0.0013,0.0006,0.0012,0.0008,N/A,N/A,0.0000,0.0009,N/A
2026-09-06T03:39:38.245091,2026-09-06T03:39:38.721615,100,1541.44,800.52,1447.16,713.75,1557.89,0.06,0.12,0.07,0.14,0.06,0.0006,0.0012,0.0006,0.0014,0.0006,N/A,N/A,0.0000,0.0011,N/A
2026-09-06T03:39:38.721657,2026-09-06T03:39:39.192098,100,1394.61,805.48,1425.80,820.32,1452.44,0.07,0.12,0.07,0.12,0.07,0.0007,0.0012,0.0006,0.0012,0.0007,N/A,N/A,0.0000,0.0009,N/A
2026-09-06T03:39:39.192144,2026-09-06T03:39:39.658056,100,1597.85,760.47,1373.79,823.52,1559.98,0.06,0.13,0.07,0.12,0.06,0.0006,0.0013,0.0006,0.0012,0.0006,N/A,N/A,0.0000,0.0009,N/A
2026-09-06T03:39:39.658094,2026-09-06T03:39:40.135135,100,1484.83,791.35,1368.66,799.68,1396.23,0.07,0.13,0.07,0.13,0.07,0.0006,0.0013,0.0006,0.0012,0.0007,N/A,N/A,0.0000,0.0009,N/A
2026-09-06T03:39:40.135178,2026-09-06T03:39:40.630599,100,1553.61,669.03,1328.39,788.88,1517.70,0.06,0.15,0.08,0.13,0.07,0.0006,0.0015,0.0007,0.0013,0.0007,N/A,N/A,0.0000,0.0010,N/A
2026-09-06T03:39:40.630644,2026-09-06T03:39:41.110249,100,1545.95,740.03,1360.64,796.92,1503.52,0.06,0.14,0.07,0.13,0.07,0.0006,0.0013,0.0006,0.0013,0.0007,N/A,N/A,0.0000,0.0009,N/A
2026-09-06T03:39:41.110300,2026-09-06T03:39:41.599451,100,1577.55,793.25,1291.51,710.74,1473.86,0.06,0.13,0.08,0.14,0.07,0.0006,0.0013,0.0007,0.0014,0.0007,N/A,N/A,0.0000,0.0011,N/A
2026-09-06T03:39:41.599493,2026-09-06T03:39:42.084329,100,1569.92,746.33,1223.65,779.51,1576.36,0.06,0.13,0.08,0.13,0.06,0.0006,0.0013,0.0007,0.0013,0.0006,N/A,N/A,0.0000,0.0010,N/A
2026-09-06T03:39:42.084382,2026-09-06T03:39:42.577706,100,1688.98,673.10,1240.29,796.25,1524.94,0.06,0.15,0.08,0.13,0.07,0.0005,0.0015,0.0007,0.0013,0.0007,N/A,N/A,0.0000,0.0009,N/A
2026-09-06T03:39:42.577788,2026-09-06T03:39:43.058350,100,1531.13,763.54,1249.22,792.31,1553.88,0.07,0.13,0.08,0.13,0.06,0.0006,0.0013,0.0007,0.0013,0.0006,N/A,N/A,0.0000,0.0010,N/A
2026-09-06T03:39:43.058391,2026-09-06T03:39:43.552796,100,1643.16,702.04,1299.33,788.99,1360.58,0.06,0.14,0.08,0.13,0.07,0.0006,0.0014,0.0007,0.0013,0.0007,N/A,N/A,0.0000,0.0010,N/A
2026-09-06T03:39:43.552843,2026-09-06T03:39:44.027739,100,1699.46,773.25,1264.36,807.23,1427.20,0.06,0.13,0.08,0.12,0.07,0.0005,0.0013,0.0007,0.0012,0.0007,N/A,N/A,0.0000,0.0009,N/A
2026-09-06T03:39:44.027783,2026-09-06T03:39:44.556490,100,1635.21,678.07,1135.10,660.68,1534.17,0.06,0.15,0.09,0.15,0.07,0.0006,0.0015,0.0008,0.0015,0.0007,N/A,N/A,0.0000,0.0012,N/A
2026-09-06T03:39:44.556533,2026-09-06T03:39:45.031887,100,1562.45,774.68,1237.96,810.47,1552.14,0.06,0.13,0.08,0.12,0.06,0.0006,0.0013,0.0007,0.0012,0.0006,N/A,N/A,0.0000,0.0009,N/A
2026-09-06T03:39:45.031926,2026-09-06T03:39:45.515658,100,1435.13,781.54,1266.43,806.22,1437.49,0.07,0.13,0.08,0.12,0.07,0.0006,0.0013,0.0007,0.0012,0.0007,N/A,N/A,0.0000,0.0009,N/A
2026-09-13T03:56:21.619091,2026-09-13T03:56:22.200955,100,1203.22,543.52,1561.56,668.78,1167.36,0.08,0.18,0.06,0.15,0.09,0.0008,0.0018,0.0006,0.0015,0.0009,N/A,N/A,0.0000,0.0011,N/A
2026-09-13T03:56:22.201013,2026-09-13T03:56:22.765013,100,1243.77,595.35,1577.27,667.14,1166.21,0.08,0.17,0.06,0.15,0.09,0.0007,0.0017,0.0006,0.0015,0.0009,N/A,N/A,0.0000,0.0011,N/A
2026-09-13T03:56:22.765077,2026-09-13T03:56:23.343811,100,1247.02,568.90,1488.59,658.01,1140.78,0.08,0.18,0.07,0.15,0.09,0.0007,0.0017,0.0006,0.0015,0.0009,N/A,N/A,0.0000,0.0011,N/A
2026-09-13T03:56:23.343865,2026-09-13T03:56:23.911609,100,1249.06,590.56,1531.23,664.77,1160.52,0.08,0.17,0.07,0.15,0.09,0.0007,0.0017,0.0006,0.0015,0.0009,N/A,N/A,0.0000,0.0011,N/A
2026-09-13T03:56:23.911662,2026-09-13T03:56:24.490485,100,1246.58,571.38,1506.04,652.90,1144.84,0.08,0.18,0.07,0.15,0.09,0.0007,0.0017,0.0006,0.0015,0.0009,N/A,N/A,0.0000,0.0011,N/A
2026-09-13T03:56:24.490536,2026-09-13T03:56:25.068906,100,1258.65,591.40,1460.38,624.22,1184.67,0.08,0.17,0.07,0.16,0.08,0.0007,0.0017,0.0007,0.0016,0.0008,N/A,N/A,0.0000,0.0012,N/A
2026-09-13T03:56:25.068965,2026-09-13T03:56:25.633598,100,1264.18,591.15,1487.62,681.28,1170.07,0.08,0.17,0.07,0.15,0.09,0.0007,0.0017,0.0006,0.0015,0.0009,N/A,N/A,0.0000,0.0011,N/A
2026-09-13T03:56:25.633647,2026-09-13T03:56:26.197474,100,1259.60,582.24,1576.64,677.55,1171.77,0.08,0.17,0.06,0.15,0.09,0.0007,0.0017,0.0006,0.0015,0.0009,N/A,N/A,0.0000,0.0011,N/A
2026-09-13T03:56:26.197529,2026-09-13T03:56:26.753894,100,1270.07,601.55,1538.01,682.00,1197.23,0.08,0.17,0.07,0.15,0.08,0.0007,0.0016,0.0006,0.0015,0.0008,N/A,N/A,0.0000,0.0011,N/A
2026-09-13T03:56:26.753950,2026-09-13T03:56:27.319882,100,1239.66,594.92,1485.99,672.79,1176.85,0.08,0.17,0.07,0.15,0.08,0.0007,0.0017,0.0006,0.0015,0.0008,N/A,N/A,0.0000,0.0011,N/A
2026-09-13T03:56:27.319933,2026-09-13T03:56:27.890046,100,1288.90,601.63,1525.88,668.33,1050.05,0.08,0.17,0.07,0.15,0.10,0.0007,0.0016,0.0006,0.0015,0.0010,N/A,N/A,0.0000,0.0011,N/A
2026-09-13T03:56:27.890100,2026-09-13T03:56:28.450918,100,1249.09,597.38,1549.46,680.00,1171.87,0.08,0.17,0.06,0.15,0.09,0.0007,0.0017,0.0006,0.0015,0.0009,N/A,N/A,0.0000,0.0011,N/A
2026-09-13T03:56:28.450967,2026-09-13T03:56:28.999872,100,1285.00,615.27,1610.56,676.83,1206.29,0.08,0.16,0.06,0.15,0.08,0.0007,0.0016,0.0006,0.0015,0.0008,N/A,N/A,0.0000,0.0011,N/A
2026-09-13T03:56:28.999923,2026-09-13T03:56:29.582735,100,1198.62,581.91,1419.71,664.85,1113.51,0.08,0.17,0.07,0.15,0.09,0.0008,0.0017,0.0007,0.0015,0.0009,N/A,N/A,0.0000,0.0011,N/A
2026-09-13T03:56:29.582824,2026-09-13T03:56:30.143365,100,1245.93,593.09,1561.03,693.90,1165.43,0.08,0.17,0.06,0.14,0.09,0.0007,0.0017,0.0006,0.0014,0.0009,N/A,N/A,0.0000,0.0011,N/A
2026-09-13T03:56:30.143415,2026-09-13T03:56:30.725757,100,1203.24,575.95,1500.67,637.35,1174.28,0.08,0.17,0.07,0.16,0.09,0.0008,0.0017,0.0006,0.0016,0.0009,N/A,N/A,0.0000,0.0012,N/A
2026-09-13T03:56:30.725809,2026-09-13T03:56:31.313010,100,1309.35,567.17,1548.24,600.83,1151.42,0.08,0.18,0.06,0.17,0.09,0.0007,0.0017,0.0006,0.0017,0.0009,N/A,N/A,0.0000,0.0013,N/A
2026-09-13T03:56:31.313072,2026-09-13T03:56:31.873952,100,1234.55,601.49,1485.09,681.88,1203.04,0.08,0.17,0.07,0.15,0.08,0.0007,0.0017,0.0006,0.0015,0.0008,N/A,N/A,0.0000,0.0011,N/A
2026-09-13T03:56:31.874016,2026-09-13T03:56:32.444224,100,1212.06,591.87,1535.51,660.12,1169.15,0.08,0.17,0.07,0.15,0.09,0.0008,0.0017,0.0006,0.0015,0.0009,N/A,N/A,0.0000,0.0011,N/A
2026-09-13T03:56:32.444275,2026-09-13T03:56:33.020835,100,1240.80,575.53,1483.95,671.26,1143.11,0.08,0.17,0.07,0.15,0.09,0.0007,0.0017,0.0006,0.0015,0.0009,N/A,N/A,0.0000,0.0011,N/A
2026-09-20T04:05:55.375013,2026-09-20T04:05:56.061243,100,1019.43,484.13,1337.18,530.49,1011.25,0.10,0.21,0.07,0.19,0.10,0.0009,0.0020,0.0007,0.0019,0.0010,N/A,N/A,0.0000,0.0014,N/A
2026-09-20T04:05:56.061337,2026-09-20T04:05:56.730942,100,1067.18,497.63,1338.78,559.74,978.15,0.09,0.20,0.07,0.18,0.10,0.0009,0.0020,0.0007,0.0018,0.0010,N/A,N/A,0.0000,0.0013,N/A
2026-09-20T04:05:56.730997,2026-09-20T04:05:57.405770,100,1080.00,486.80,1296.03,574.85,995.37,0.09,0.21,0.08,0.17,0.10,0.0009,0.0020,0.0007,0.0017,0.0010,N/A,N/A,0.0000,0.0013,N/A
2026-09-20T04:05:57.405819,2026-09-20T04:05:58.094837,100,1031.99,487.59,1263.78,529.06,1006.11,0.10,0.21,0.08,0.19,0.10,0.0009,0.0020,0.0008,0.0019,0.0010,N/A,N/A,0.0000,0.0014,N/A
2026-09-20T04:05:58.094885,2026-09-20T04:05:58.771410,100,1039.52,482.41,1277.77,568.74,1007.06,0.10,0.21,0.08,0.18,0.10,0.0009,0.0021,0.0008,0.0018,0.0010,N/A,N/A,0.0000,0.0013,N/A
2026-09-20T04:05:58.771458,2026-09-20T04:05:59.456859,100,1051.82,453.58,1305.61,568.07,1024.89,0.10,0.22,0.08,0.18,0.10,0.0009,0.0022,0.0007,0.0018,0.0010,N/A,N/A,0.0000,0.0013,N/A
2026-09-20T04:05:59.456905,2026-09-20T04:06:00.132222,100,1055.70,478.11,1318.03,570.62,990.31,0.09,0.21,0.08,0.18,0.10,0.0009,0.0021,0.0007,0.0018,0.0010,N/A,N/A,0.0000,0.0013,N/A
2026-09-20T04:06:00.132272,2026-09-20T04:06:00.811780,100,1028.18,474.58,1300.12,569.97,1001.93,0.10,0.21,0.08,0.18,0.10,0.0009,0.0021,0.0007,0.0018,0.0010,N/A,N/A,0.0000,0.0013,N/A
2026-09-20T04:06:00.811828,2026-09-20T04:06:01.497654,100,1028.28,473.61,1272.30,561.27,987.93,0.10,0.21,0.08,0.18,0.10,0.0009,0.0021,0.0008,0.0018,0.0010,N/A,N/A,0.0000,0.0013,N/A
2026-09-20T04:06:01.497727,2026-09-20T04:06:02.176772,100,1055.83,475.47,1319.98,562.27,992.37,0.09,0.21,0.08,0.18,0.10,0.0009,0.0021,0.0007,0.0018,0.0010,N/A,N/A,0.0000,0.0013,N/A
2026-09-20T04:06:02.176820,2026-09-20T04:06:02.868360,100,1029.07,452.84,1316.55,567.30,979.04,0.10,0.22,0.08,0.18,0.10,0.0009,0.0022,0.0007,0.0018,0.0010,N/A,N/A,0.0000,0.0013,N/A
2026-09-20T04:06:02.868407,2026-09-20T04:06:03.561460,100,1038.90,448.70,1276.06,562.67,1015.22,0.10,0.22,0.08,0.18,0.10,0.0009,0.0022,0.0008,0.0018,0.0010,N/A,N/A,0.0000,0.0013,N/A
2026-09-20T04:06:03.561514,2026-09-20T04:06:04.240486,100,1075.50,476.86,1251.67,560.85,1015.25,0.09,0.21,0.08,0.18,0.10,0.0009,0.0021,0.0008,0.0018,0.0010,N/A,N/A,0.0000,0.0013,N/A
2026-09-20T04:06:04.240535,2026-09-20T04:06:04.915048,100,1056.91,483.36,1332.01,563.30,989.99,0.09,0.21,0.08,0.18,0.10,0.0009,0.0020,0.0007,0.0018,0.0010,N/A,N/A,0.0000,0.0013,N/A
2026-09-20T04:06:04.915146,2026-09-20T04:06:05.596069,100,1019.12,478.23,1289.31,573.25,979.50,0.10,0.21,0.08,0.17,0.10,0.0009,0.0021,0.0007,0.0017,0.0010,N/A,N/A,0.0000,0.0013,N/A
2026-09-20T04:06:05.596117,2026-09-20T04:06:06.285145,100,1006.07,456.71,1313.82,565.38,1018.07,0.10,0.22,0.08,0.18,0.10,0.0009,0.0022,0.0007,0.0018,0.0010,N/A,N/A,0.0000,0.0013,N/A
2026-09-20T04:06:06.285189,2026-09-20T04:06:06.962568,100,1046.10,482.58,1326.76,556.82,998.14,0.10,0.21,0.08,0.18,0.10,0.0009,0.0021,0.0007,0.0018,0.0010,N/A,N/A,0.0000,0.0013,N/A
2026-09-20T04:06:06.962616,2026-09-20T04:06:07.642415,100,1038.80,473.95,1316.17,565.88,996.93,0.10,0.21,0.08,0.18,0.10,0.0009,0.0021,0.0007,0.0018,0.0010,N/A,N/A,0.0000,0.0013,N/A
2026-09-20T04:06:07.642464,2026-09-20T04:06:08.313691,100,1042.06,493.80,1319.34,558.25,1015.43,0.10,0.20,0.08,0.18,0.10,0.0009,0.0020,0.0007,0.0018,0.0010,N/A,N/A,0.0000,0.0013,N/A
2026-09-20T04:06:08.313738,2026-09-20T04:06:08.995441,100,1039.80,471.52,1265.56,571.22,1001.50,0.10,0.21,0.08,0.18,0.10,0.0009,0.0021,0.0008,0.0017,0.0010,N/A,N/A,0.0000,0.0013,N/A
2026-09-27T04:26:27.237539,2026-09-27T04:26:27.858653,100,1242.85,510.82,1572.51,604.15,1044.07,0.08,0.20,0.06,0.17,0.10,0.0007,0.0019,0.0006,0.0017,0.0010,N/A,N/A,0.0000,0.0012,N/A
2026-09-27T04:26:27.858711,2026-09-27T04:26:28.467843,100,1230.42,524.97,1551.59,607.63,1131.45,0.08,0.19,0.06,0.16,0.09,0.0008,0.0019,0.0006,0.0016,0.0009,N/A,N/A,0.0000,0.0012,N/A
2026-09-27T04:26:28.467902,2026-09-27T04:26:29.074977,100,1239.95,532.57,1587.06,591.46,1152.32,0.08,0.19,0.06,0.17,0.09,0.0007,0.0019,0.0006,0.0017,0.0009,N/A,N/A,0.0000,0.0012,N/A
2026-09-27T04:26:29.075036,2026-09-27T04:26:29.674136,100,1224.76,548.35,1583.08,603.58,1158.92,0.08,0.18,0.06,0.17,0.09,0.0008,0.0018,0.0006,0.0017,0.0009,N/A,N/A,0.0000,0.0012,N/A
2026-09-27T04:26:29.674191,2026-09-27T04:26:30.276125,100,1196.96,547.88,1555.50,611.16,1134.98,0.08,0.18,0.06,0.16,0.09,0.0008,0.0018,0.0006,0.0016,0.0009,N/A,N/A,0.0000,0.0012,N/A
2026-09-27T04:26:30.276180,2026-09-27T04:26:30.900270,100,1158.30,498.33,1497.76,613.66,1147.28,0.09,0.20,0.07,0.16,0.09,0.0008,0.0020,0.0006,0.0016,0.0009,N/A,N/A,0.0000,0.0012,N/A
2026-09-27T04:26:30.900323,2026-09-27T04:26:31.501973,100,1211.85,544.79,1645.35,603.76,1119.55,0.08,0.18,0.06,0.17,0.09,0.0008,0.0018,0.0006,0.0017,0.0009,N/A,N/A,0.0000,0.0012,N/A
2026-09-27T04:26:31.502034,2026-09-27T04:26:32.100408,100,1210.21,550.37,1601.41,614.03,1127.52,0.08,0.18,0.06,0.16,0.09,0.0008,0.0018,0.0006,0.0016,0.0009,N/A,N/A,0.0000,0.0012,N/A
2026-09-27T04:26:32.100460,2026-09-27T04:26:32.703741,100,1213.92,546.04,1598.46,591.85,1156.27,0.08,0.18,0.06,0.17,0.09,0.0008,0.0018,0.0006,0.0017,0.0009,N/A,N/A,0.0000,0.0012,N/A
2026-09-27T04:26:32.703801,2026-09-27T04:26:33.305125,100,1245.31,527.25,1627.42,612.71,1177.31,0.08,0.19,0.06,0.16,0.08,0.0007,0.0019,0.0006,0.0016,0.0008,N/A,N/A,0.0000,0.0012,N/A
2026-09-27T04:26:33.305182,2026-09-27T04:26:33.923042,100,1260.74,538.23,1623.24,549.26,1124.18,0.08,0.19,0.06,0.18,0.09,0.0007,0.0018,0.0006,0.0018,0.0009,N/A,N/A,0.0000,0.0014,N/A
2026-09-27T04:26:33.923092,2026-09-27T04:26:34.522887,100,1221.14,549.34,1574.96,600.80,1164.61,0.08,0.18,0.06,0.17,0.09,0.0008,0.0018,0.0006,0.0017,0.0009,N/A,N/A,0.0000,0.0012,N/A
2026-09-27T04:26:34.522939,2026-09-27T04:26:35.127184,100,1214.82,531.83,1588.05,608.35,1155.31,0.08,0.19,0.06,0.16,0.09,0.0008,0.0019,0.0006,0.0016,0.0009,N/A,N/A,0.0000,0.0012,N/A
2026-09-27T04:26:35.127238,2026-09-27T04:26:35.726398,100,1288.00,540.76,1585.05,600.81,1152.53,0.08,0.18,0.06,0.17,0.09,0.0007,0.0018,0.0006,0.0017,0.0009,N/A,N/A,0.0000,0.0012,N/A
2026-09-27T04:26:35.726510,2026-09-27T04:26:36.327680,100,1222.83,562.71,1576.62,590.54,1127.80,0.08,0.18,0.06,0.17,0.09,0.0008,0.0018,0.0006,0.0017,0.0009,N/A,N/A,0.0000,0.0012,N/A
2026-09-27T04:26:36.327732,2026-09-27T04:26:36.938159,100,1227.33,536.46,1598.15,600.07,1073.55,0.08,0.19,0.06,0.17,0.09,0.0008,0.0018,0.0006,0.0017,0.0009,N/A,N/A,0.0000,0.0012,N/A
2026-09-27T04:26:36.938213,2026-09-27T04:26:37.553430,100,1212.46,502.23,1643.77,604.24,1145.77,0.08,0.20,0.06,0.17,0.09,0.0008,0.0018,0.0006,0.0017,0.0009,N/A,N/A,0.0000,0.0012,N/A
2026-09-27T04:26:37.553486,2026-09-27T04:26:38.144397,100,1281.31,556.76,1607.54,605.81,1160.76,0.08,0.18,0.06,0.17,0.09,0.0007,0.0018,0.0006,0.0016,0.0009,N/A,N/A,0.0000,0.0012,N/A
2026-09-27T04:26:38.144450,2026-09-27T04:26:38.738789,100,1305.49,542.54,1631.02,607.88,1143.96,0.08,0.18,0.06,0.16,0.09,0.0007,0.0018,0.0006,0.0016,0.0009,N/A,N/A,0.0000,0.0012,N/A
2026-09-27T04:26:38.738866,2026-09-27T04:26:39.345173,100,1194.71,542.98,1552.72,598.49,1153.77,0.08,0.18,0.06,0.17,0.09,0.0008,0.0018,0.0006,0.0017,0.0009,N/A,N/A,0.0000,0.0012,N/A
2026-10-04T04:59:19.591316,2026-10-04T04:59:20.288088,100,1042.61,474.47,1309.64,517.65,988.38,0.10,0.21,0.08,0.19,0.10,0.0009,0.0021,0.0007,0.0019,0.0010,N/A,N/A,0.0000,0.0015,N/A
2026-10-04T04:59:20.288148,2026-10-04T04:59:20.971080,100,1014.58,469.06,1331.76,562.20,1015.63,0.10,0.21,0.08,0.18,0.10,0.0009,0.0021,0.0007,0.0018,0.0010,N/A,N/A,0.0000,0.0013,N/A
2026-10-04T04:59:20.971134,2026-10-04T04:59:21.682487,100,1058.77,412.93,1308.68,562.68,988.81,0.09,0.24,0.08,0.18,0.10,0.0009,0.0024,0.0007,0.0018,0.0010,N/A,N/A,0.0000,0.0013,N/A
2026-10-04T04:59:21.682545,2026-10-04T04:59:22.362989,100,1044.02,468.29,1321.17,568.79,997.30,0.10,0.21,0.08,0.18,0.10,0.0009,0.0021,0.0007,0.0018,0.0010,N/A,N/A,0.0000,0.0013,N/A
2026-10-04T04:59:22.363038,2026-10-04T04:59:23.047555,100,1032.37,467.87,1335.00,559.49,992.48,0.10,0.21,0.07,0.18,0.10,0.0009,0.0021,0.0007,0.0018,0.0010,N/A,N/A,0.0000,0.0013,N/A
2026-10-04T04:59:23.047605,2026-10-04T04:59:23.748980,100,1027.75,434.55,1284.98,570.51,986.38,0.10,0.23,0.08,0.18,0.10,0.0009,0.0023,0.0007,0.0018,0.0010,N/A,N/A,0.0000,0.0013,N/A
2026-10-04T04:59:23.749028,2026-10-04T04:59:24.424262,100,1055.10,473.78,1338.66,568.31,1006.26,0.09,0.21,0.07,0.18,0.10,0.0009,0.0021,0.0007,0.0018,0.0010,N/A,N/A,0.0000,0.0013,N/A
2026-10-04T04:59:24.424309,2026-10-04T04:59:25.103679,100,1056.76,480.27,1308.00,558.57,990.30,0.09,0.21,0.08,0.18,0.10,0.0009,0.0021,0.0007,0.0018,0.0010,N/A,N/A,0.0000,0.0013,N/A
2026-10-04T04:59:25.103738,2026-10-04T04:59:25.776766,100,1076.44,491.34,1293.66,562.80,981.30,0.09,0.20,0.08,0.18,0.10,0.0009,0.0020,0.0007,0.0018,0.0010,N/A,N/A,0.0000,0.0013,N/A
2026-10-04T04:59:25.776815,2026-10-04T04:59:26.458941,100,1031.90,479.60,1293.26,557.06,996.93,0.10,0.21,0.08,0.18,0.10,0.0009,0.0021,0.0007,0.0018,0.0010,N/A,N/A,0.0000,0.0013,N/A
2026-10-04T04:59:26.458990,2026-10-04T04:59:27.157455,100,1044.22,440.28,1274.18,565.55,994.45,0.10,0.23,0.08,0.18,0.10,0.0009,0.0023,0.0008,0.0018,0.0010,N/A,N/A,0.0000,0.0013,N/A
2026-10-04T04:59:27.157510,2026-10-04T04:59:27.844568,100,1051.73,467.48,1285.26,553.69,1002.41,0.10,0.21,0.08,0.18,0.10,0.0009,0.0021,0.0007,0.0018,0.0010,N/A,N/A,0.0000,0.0014,N/A
2026-10-04T04:59:27.844624,2026-10-04T04:59:28.528425,100,1039.77,465.08,1308.62,563.96,1005.63,0.10,0.22,0.08,0.18,0.10,0.0009,0.0021,0.0007,0.0018,0.0010,N/A,N/A,0.0000,0.0013,N/A
2026-10-04T04:59:28.528482,2026-10-04T04:59:29.208829,100,1060.29,478.74,1349.54,553.78,977.41,0.09,0.21,0.07,0.18,0.10,0.0009,0.0021,0.0007,0.0018,0.0010,N/A,N/A,0.0000,0.0013,N/A
2026-10-04T04:59:29.208939,2026-10-04T04:59:29.895224,100,1043.31,458.23,1330.81,560.74,1009.52,0.10,0.22,0.08,0.18,0.10,0.0009,0.0022,0.0007,0.0018,0.0010,N/A,N/A,0.0000,0.0013,N/A
2026-10-04T04:59:29.895275,2026-10-04T04:59:30.578624,100,1043.77,468.47,1286.39,567.24,995.97,0.10,0.21,0.08,0.18,0.10,0.0009,0.0021,0.0007,0.0018,0.0010,N/A,N/A,0.0000,0.0013,N/A
2026-10-04T04:59:30.578738,2026-10-04T04:59:31.273451,100,1044.68,435.24,1333.90,572.44,999.19,0.10,0.23,0.07,0.17,0.10,0.0009,0.0023,0.0007,0.0017,0.0010,N/A,N/A,0.0000,0.0013,N/A
2026-10-04T04:59:31.273504,2026-10-04T04:59:31.946979,100,1062.14,476.30,1309.27,572.94,1010.67,0.09,0.21,0.08,0.17,0.10,0.0009,0.0021,0.0007,0.0017,0.0010,N/A,N/A,0.0000,0.0013,N/A
2026-10-04T04:59:31.947027,2026-10-04T04:59:32.626133,100,1066.25,479.15,1296.38,551.40,1013.23,0.09,0.21,0.08,0.18,0.10,0.0009,0.0021,0.0007,0.0018,0.0010,N/A,N/A,0.0000,0.0013,N/A
2026-10-04T04:59:32.626183,2026-10-04T04:59:33.308041,100,1045.44,471.78,1270.18,568.28,998.85,0.10,0.21,0.08,0.18,0.10,0.0009,0.0021,0.0008,0.0018,0.0010,N/A,N/A,0.0000,0.0013,N/A
